{
  "experiment": "exp_97_multisignal_h4_validation",
  "timestamp": "20260601_170640",
  "config": {
    "N0": 72,
    "steps": 1600,
    "seeds": [
      42,
      142,
      242,
      342,
      442,
      542,
      642,
      742
    ],
    "sample_interval": 10,
    "gbc_soft_nudge": 0.2,
    "csc": "ON (exp_95 config)",
    "gbc": "ON (random direction init)",
    "nse": "ON (multi-signal turning point detection)",
    "ilp": "OFF",
    "amc": "OFF"
  },
  "per_seed": [
    {
      "seed": 42,
      "elapsed": 69.27216243743896,
      "n_steps": 240,
      "odi_max": 0.7639991849252004,
      "odi_mean": 0.66419509080808,
      "msi_max": 0.3310144749402267,
      "msi_mean": 0.26324165495530016,
      "six_pass_rate": 0.0,
      "gbc_coherence_mean": 0.5433541666666667,
      "gbc_pass_rate": 1.0,
      "csc_csci_mean": 0.6708529166666666,
      "nse_nsi_max": 0.7173,
      "nse_nsi_mean": 0.5894895833333333,
      "nse_nsi_active_rate": 0.8791666666666667,
      "nse_continuity_mean": 0.75761875,
      "nse_stability_mean": 0.93887125,
      "nse_history_depth_max": 0.08,
      "nse_history_depth_mean": 0.020583333333333332,
      "nse_turning_points_max": 4,
      "nse_turning_points_final": 4,
      "civ_count": 8,
      "inst_count": 199,
      "mini_count": 33,
      "active_count": 0
    },
    {
      "seed": 142,
      "elapsed": 72.29134798049927,
      "n_steps": 160,
      "odi_max": 0.8310111611168136,
      "odi_mean": 0.7651665007935733,
      "msi_max": 0.4403265641261304,
      "msi_mean": 0.32773186097978363,
      "six_pass_rate": 0.9375,
      "gbc_coherence_mean": 0.5266062499999999,
      "gbc_pass_rate": 0.0,
      "csc_csci_mean": 0.6674581249999999,
      "nse_nsi_max": 0.7,
      "nse_nsi_mean": 0.533795,
      "nse_nsi_active_rate": 0.88125,
      "nse_continuity_mean": 0.6571125,
      "nse_stability_mean": 0.90488375,
      "nse_history_depth_max": 0.0,
      "nse_history_depth_mean": 0.0,
      "nse_turning_points_max": 0,
      "nse_turning_points_final": 0,
      "civ_count": 4,
      "inst_count": 5,
      "mini_count": 151,
      "active_count": 0
    },
    {
      "seed": 242,
      "elapsed": 114.14865326881409,
      "n_steps": 240,
      "odi_max": 0.7269513386181335,
      "odi_mean": 0.6569701248035879,
      "msi_max": 0.33520505230486825,
      "msi_mean": 0.25381524809143097,
      "six_pass_rate": 0.0,
      "gbc_coherence_mean": 0.5390083333333334,
      "gbc_pass_rate": 0.0,
      "csc_csci_mean": 0.6705208333333331,
      "nse_nsi_max": 0.7156,
      "nse_nsi_mean": 0.5875195833333334,
      "nse_nsi_active_rate": 0.7958333333333333,
      "nse_continuity_mean": 0.75743125,
      "nse_stability_mean": 0.9386262500000001,
      "nse_history_depth_max": 0.08,
      "nse_history_depth_mean": 0.022,
      "nse_turning_points_max": 4,
      "nse_turning_points_final": 4,
      "civ_count": 9,
      "inst_count": 15,
      "mini_count": 216,
      "active_count": 0
    },
    {
      "seed": 342,
      "elapsed": 68.79366898536682,
      "n_steps": 160,
      "odi_max": 0.8461582760552157,
      "odi_mean": 0.7620838125006153,
      "msi_max": 0.4839551111489765,
      "msi_mean": 0.3666673892590765,
      "six_pass_rate": 0.875,
      "gbc_coherence_mean": 0.5289625,
      "gbc_pass_rate": 0.0,
      "csc_csci_mean": 0.6694812500000001,
      "nse_nsi_max": 0.6983,
      "nse_nsi_mean": 0.5362075000000001,
      "nse_nsi_active_rate": 0.88125,
      "nse_continuity_mean": 0.6608674999999999,
      "nse_stability_mean": 0.908254375,
      "nse_history_depth_max": 0.0,
      "nse_history_depth_mean": 0.0,
      "nse_turning_points_max": 0,
      "nse_turning_points_final": 0,
      "civ_count": 6,
      "inst_count": 6,
      "mini_count": 148,
      "active_count": 0
    },
    {
      "seed": 442,
      "elapsed": 79.42985701560974,
      "n_steps": 240,
      "odi_max": 0.7150893226176527,
      "odi_mean": 0.664494387879359,
      "msi_max": 0.33218145714858544,
      "msi_mean": 0.25796915039467716,
      "six_pass_rate": 0.0,
      "gbc_coherence_mean": 0.5480583333333334,
      "gbc_pass_rate": 0.0,
      "csc_csci_mean": 0.6710291666666666,
      "nse_nsi_max": 0.7122,
      "nse_nsi_mean": 0.5895491666666667,
      "nse_nsi_active_rate": 0.9208333333333333,
      "nse_continuity_mean": 0.7557858333333333,
      "nse_stability_mean": 0.9365891666666666,
      "nse_history_depth_max": 0.08,
      "nse_history_depth_mean": 0.022666666666666665,
      "nse_turning_points_max": 4,
      "nse_turning_points_final": 4,
      "civ_count": 7,
      "inst_count": 20,
      "mini_count": 213,
      "active_count": 0
    },
    {
      "seed": 542,
      "elapsed": 95.04528951644897,
      "n_steps": 240,
      "odi_max": 0.7092875992389561,
      "odi_mean": 0.6515729702165022,
      "msi_max": 0.3104672921722588,
      "msi_mean": 0.23899275707477668,
      "six_pass_rate": 0.0,
      "gbc_coherence_mean": 0.5401625,
      "gbc_pass_rate": 0.0,
      "csc_csci_mean": 0.6709383333333333,
      "nse_nsi_max": 0.7287,
      "nse_nsi_mean": 0.5942399999999999,
      "nse_nsi_active_rate": 0.8791666666666667,
      "nse_continuity_mean": 0.7599295833333334,
      "nse_stability_mean": 0.9365891666666666,
      "nse_history_depth_max": 0.12,
      "nse_history_depth_mean": 0.03575000000000001,
      "nse_turning_points_max": 6,
      "nse_turning_points_final": 6,
      "civ_count": 11,
      "inst_count": 195,
      "mini_count": 34,
      "active_count": 0
    },
    {
      "seed": 642,
      "elapsed": 95.54122948646545,
      "n_steps": 240,
      "odi_max": 0.7204889852965715,
      "odi_mean": 0.6583623968671407,
      "msi_max": 0.32209418346879637,
      "msi_mean": 0.24336678639409334,
      "six_pass_rate": 0.0,
      "gbc_coherence_mean": 0.5346125,
      "gbc_pass_rate": 0.0,
      "csc_csci_mean": 0.6701733333333333,
      "nse_nsi_max": 0.7265,
      "nse_nsi_mean": 0.5916658333333333,
      "nse_nsi_active_rate": 0.8375,
      "nse_continuity_mean": 0.7535654166666668,
      "nse_stability_mean": 0.93887125,
      "nse_history_depth_max": 0.12,
      "nse_history_depth_mean": 0.03325,
      "nse_turning_points_max": 6,
      "nse_turning_points_final": 6,
      "civ_count": 6,
      "inst_count": 17,
      "mini_count": 217,
      "active_count": 0
    },
    {
      "seed": 742,
      "elapsed": 83.58058667182922,
      "n_steps": 240,
      "odi_max": 0.7319256817308849,
      "odi_mean": 0.6648311152736129,
      "msi_max": 0.3246179469782844,
      "msi_mean": 0.24290605237636106,
      "six_pass_rate": 0.0,
      "gbc_coherence_mean": 0.5417625,
      "gbc_pass_rate": 0.0,
      "csc_csci_mean": 0.6709425000000001,
      "nse_nsi_max": 0.7276,
      "nse_nsi_mean": 0.5923525,
      "nse_nsi_active_rate": 0.8375,
      "nse_continuity_mean": 0.75591625,
      "nse_stability_mean": 0.9365891666666666,
      "nse_history_depth_max": 0.12,
      "nse_history_depth_mean": 0.035250000000000004,
      "nse_turning_points_max": 6,
      "nse_turning_points_final": 6,
      "civ_count": 6,
      "inst_count": 21,
      "mini_count": 213,
      "active_count": 0
    }
  ],
  "hypotheses": {
    "H1_nsi_max": {
      "value": 0.7287,
      "threshold": ">0.1",
      "pass": true
    },
    "H2_nsi_active_rate": {
      "value": 0.8640625,
      "threshold": ">0.3 all",
      "pass": true
    },
    "H3_continuity_mean": {
      "value": 0.7322783854166667,
      "threshold": ">0.1",
      "pass": true
    },
    "H4_history_depth_mean": {
      "value": 0.0211875,
      "threshold": ">0.05",
      "pass": false
    },
    "H4_turning_points_final_mean": {
      "value": 3.75,
      "threshold": ">0.0",
      "pass": true
    },
    "H4_combined": {
      "value": "depth=0.0212, tp=3.8",
      "threshold": "depth>0.05 OR tp>0",
      "pass": true
    },
    "H5_civ_mean": {
      "value": 7.125,
      "threshold": "[3,15]",
      "pass": true
    },
    "H6_civ_min": {
      "value": 4,