{
  "experiment": "exp_97_multisignal_h4_validation",
  "timestamp": "20260601_170950",
  "config": {
    "N0": 72,
    "steps": 1600,
    "seeds": [
      42,
      142,
      242,
      342,
      442,
      542,
      642,
      742
    ],
    "sample_interval": 10,
    "gbc_soft_nudge": 0.2,
    "csc": "ON (exp_95 config)",
    "gbc": "ON (random direction init)",
    "nse": "ON (multi-signal turning point detection)",
    "ilp": "OFF",
    "amc": "OFF"
  },
  "per_seed": [
    {
      "seed": 42,
      "elapsed": 69.52854108810425,
      "n_steps": 160,
      "odi_max": 0.8227967685651882,
      "odi_mean": 0.760180279375782,
      "msi_max": 0.45862232138323206,
      "msi_mean": 0.3413709262357266,
      "six_pass_rate": 0.9375,
      "gbc_coherence_mean": 0.5838625,
      "gbc_pass_rate": 1.0,
      "csc_csci_mean": 0.6673962500000001,
      "nse_nsi_max": 0.6966,
      "nse_nsi_mean": 0.532405625,
      "nse_nsi_active_rate": 0.94375,
      "nse_continuity_mean": 0.6512393750000001,
      "nse_stability_mean": 0.908096875,
      "nse_history_depth_max": 0.0,
      "nse_history_depth_mean": 0.0,
      "nse_turning_points_max": 0,
      "nse_turning_points_final": 0,
      "civ_count": 7,
      "inst_count": 126,
      "mini_count": 27,
      "active_count": 0
    },
    {
      "seed": 142,
      "elapsed": 56.93117070198059,
      "n_steps": 160,
      "odi_max": 0.8484526636731413,
      "odi_mean": 0.7545089188249101,
      "msi_max": 0.43637127169542655,
      "msi_mean": 0.31874545563262024,
      "six_pass_rate": 0.875,
      "gbc_coherence_mean": 0.50250625,
      "gbc_pass_rate": 0.0,
      "csc_csci_mean": 0.67015375,
      "nse_nsi_max": 0.715,
      "nse_nsi_mean": 0.538261875,
      "nse_nsi_active_rate": 0.81875,
      "nse_continuity_mean": 0.6445281249999999,
      "nse_stability_mean": 0.90488375,
      "nse_history_depth_max": 0.08,
      "nse_history_depth_mean": 0.041,
      "nse_turning_points_max": 4,
      "nse_turning_points_final": 4,
      "civ_count": 5,
      "inst_count": 133,
      "mini_count": 22,
      "active_count": 0
    },
    {
      "seed": 242,
      "elapsed": 95.68649387359619,
      "n_steps": 240,
      "odi_max": 0.7233645490897515,
      "odi_mean": 0.6521008803460723,
      "msi_max": 0.3381993053702578,
      "msi_mean": 0.24852984992365107,
      "six_pass_rate": 0.0,
      "gbc_coherence_mean": 0.5346791666666667,
      "gbc_pass_rate": 0.0,
      "csc_csci_mean": 0.6704179166666666,
      "nse_nsi_max": 0.8144,
      "nse_nsi_mean": 0.635935,
      "nse_nsi_active_rate": 0.8375,
      "nse_continuity_mean": 0.7627520833333334,
      "nse_stability_mean": 0.9388362499999999,
      "nse_history_depth_max": 0.4,
      "nse_history_depth_mean": 0.17349999999999996,
      "nse_turning_points_max": 20,
      "nse_turning_points_final": 20,
      "civ_count": 18,
      "inst_count": 20,
      "mini_count": 202,
      "active_count": 0
    },
    {
      "seed": 342,
      "elapsed": 94.82481813430786,
      "n_steps": 240,
      "odi_max": 0.7098710964194389,
      "odi_mean": 0.6606729103486954,
      "msi_max": 0.33490557063454374,
      "msi_mean": 0.250548302143626,
      "six_pass_rate": 0.0,
      "gbc_coherence_mean": 0.5337999999999999,
      "gbc_pass_rate": 0.0,
      "csc_csci_mean": 0.671555,
      "nse_nsi_max": 0.817,
      "nse_nsi_mean": 0.6347770833333333,
      "nse_nsi_active_rate": 0.9208333333333333,
      "nse_continuity_mean": 0.7619258333333334,
      "nse_stability_mean": 0.9388362499999999,
      "nse_history_depth_max": 0.42,
      "nse_history_depth_mean": 0.16475,
      "nse_turning_points_max": 21,
      "nse_turning_points_final": 21,
      "civ_count": 186,
      "inst_count": 30,
      "mini_count": 24,
      "active_count": 0
    },
    {
      "seed": 442,
      "elapsed": 83.78797030448914,
      "n_steps": 240,
      "odi_max": 0.7130662200695179,
      "odi_mean": 0.663958282852879,
      "msi_max": 0.34039871158514934,
      "msi_mean": 0.25515029492877317,
      "six_pass_rate": 0.0,
      "gbc_coherence_mean": 0.5307666666666667,
      "gbc_pass_rate": 0.0,
      "csc_csci_mean": 0.6712945833333333,
      "nse_nsi_max": 0.8317,
      "nse_nsi_mean": 0.6351037500000001,
      "nse_nsi_active_rate": 0.8791666666666667,
      "nse_continuity_mean": 0.7488808333333333,
      "nse_stability_mean": 0.9365891666666666,
      "nse_history_depth_max": 0.48,
      "nse_history_depth_mean": 0.18483333333333335,
      "nse_turning_points_max": 24,
      "nse_turning_points_final": 24,
      "civ_count": 20,
      "inst_count": 26,
      "mini_count": 194,
      "active_count": 0
    },
    {
      "seed": 542,
      "elapsed": 70.02738189697266,
      "n_steps": 240,
      "odi_max": 0.8514851457800767,
      "odi_mean": 0.6849526849414715,
      "msi_max": 0.4070924330739835,
      "msi_mean": 0.2739568654733368,
      "six_pass_rate": 0.25,
      "gbc_coherence_mean": 0.5743708333333334,
      "gbc_pass_rate": 1.0,
      "csc_csci_mean": 0.6703137499999999,
      "nse_nsi_max": 0.7469,
      "nse_nsi_mean": 0.6037291666666668,
      "nse_nsi_active_rate": 0.8791666666666667,
      "nse_continuity_mean": 0.7720495833333332,
      "nse_stability_mean": 0.9365891666666666,
      "nse_history_depth_max": 0.16,
      "nse_history_depth_mean": 0.048499999999999995,
      "nse_turning_points_max": 8,
      "nse_turning_points_final": 8,
      "civ_count": 9,
      "inst_count": 230,
      "mini_count": 1,
      "active_count": 0
    },
    {
      "seed": 642,
      "elapsed": 64.10682320594788,
      "n_steps": 240,
      "odi_max": 0.720374005082977,
      "odi_mean": 0.6650724043752095,
      "msi_max": 0.31512735587475654,
      "msi_mean": 0.24504978841191893,
      "six_pass_rate": 0.0,
      "gbc_coherence_mean": 0.5284875,
      "gbc_pass_rate": 0.0,
      "csc_csci_mean": 0.6715462500000001,
      "nse_nsi_max": 0.811,
      "nse_nsi_mean": 0.6367212500000001,
      "nse_nsi_active_rate": 0.9208333333333333,
      "nse_continuity_mean": 0.7595370833333334,
      "nse_stability_mean": 0.9388012499999999,
      "nse_history_depth_max": 0.4,
      "nse_history_depth_mean": 0.17633333333333331,
      "nse_turning_points_max": 20,
      "nse_turning_points_final": 20,
      "civ_count": 17,
      "inst_count": 30,
      "mini_count": 193,
      "active_count": 0
    },
    {
      "seed": 742,
      "elapsed": 63.64530968666077,
      "n_steps": 240,
      "odi_max": 0.7532536007736502,
      "odi_mean": 0.682394240498601,
      "msi_max": 0.31922015025728123,
      "msi_mean": 0.256401232771914,
      "six_pass_rate": 0.0,
      "gbc_coherence_mean": 0.5432333333333333,
      "gbc_pass_rate": 0.0,
      "csc_csci_mean": 0.6730045833333335,
      "nse_nsi_max": 0.7893,
      "nse_nsi_mean": 0.6355395833333335,
      "nse_nsi_active_rate": 0.8791666666666667,
      "nse_continuity_mean": 0.7626354166666668,
      "nse_stability_mean": 0.9365891666666666,
      "nse_history_depth_max": 0.32,
      "nse_history_depth_mean": 0.17041666666666663,
      "nse_turning_points_max": 16,
      "nse_turning_points_final": 16,
      "civ_count": 14,
      "inst_count": 17,
      "mini_count": 209,
      "active_count": 0
    }
  ],
  "hypotheses": {
    "H1_nsi_max": {
      "value": 0.8317,
      "threshold": ">0.1",
      "pass": true
    },
    "H2_nsi_active_rate": {
      "value": 0.8848958333333332,
      "threshold": ">0.3 all",
      "pass": true
    },
    "H3_continuity_mean": {
      "value": 0.7329435416666666,
      "threshold": ">0.1",
      "pass": true
    },
    "H4_history_depth_mean": {
      "value": 0.11991666666666664,
      "threshold": ">0.05",
      "pass": true
    },
    "H4_turning_points_final_mean": {
      "value": 14.125,
      "threshold": ">0.0",
      "pass": true
    },
    "H4_combined": {
      "value": "depth=0.1199, tp=14.1",
      "threshold": "depth>0.05 OR tp>0",
      "pass": true
    },
    "H5_civ_mean": {
      "value": 34.5,