{
  "experiment": "phase3_anticipation_emergence",
  "timestamp": "2026-05-28T02:27:26.856126",
  "wall_time_seconds": 0.07784795761108398,
  "sub_experiments": {
    "A_odi_sweep": {
      "odi_levels": [
        0.0,
        0.05,
        0.1,
        0.15,
        0.2,
        0.25,
        0.3,
        0.35,
        0.4,
        0.45,
        0.5,
        0.55,
        0.6,
        0.65,
        0.7,
        0.75,
        0.8,
        0.85,
        0.9,
        0.95,
        1.0
      ],
      "confidences": [
        0.05,
        0.05,
        0.05,
        0.05,
        0.05,
        0.05,
        0.062000000000000006,
        0.062000000000000006,
        0.062000000000000006,
        0.0712080168611034,
        0.07442640687119285,
        0.07442640687119285,
        0.07442640687119285,
        0.07442640687119285,
        0.07442640687119285,
        0.07442640687119285,
        0.07442640687119285,
        0.07442640687119285,
        0.07442640687119285,
        0.07442640687119285,
        0.07442640687119285
      ],
      "reliabilities": [
        0.0,
        0.0,
        0.0,
        0.0,
        0.0,
        0.0,
        0.0,
        0.0,
        0.0,
        0.0,
        0.0,
        0.0,
        0.0,
        0.0,
        0.0,
        0.0,
        0.0,
        0.0,
        0.0,
        0.0,
        0.0
      ],
      "correlation": 0.8955836149212827,
      "low_odi_mean_conf": 0.05000000000000001,
      "high_odi_mean_conf": 0.07442640687119285
    },
    "B_periodic_anticipation": {
      "n_predictions": 16,
      "direction_accuracy": 1.0,
      "mean_cosine_similarity": 1.000000149011612,
      "engine_accuracy": -13470834.932943607,
      "cosine_similarities": [
        1.0000001192092896,
        1.000000238418579,
        1.0,
        1.000000238418579,
        1.0000001192092896,
        1.000000238418579,
        1.0,
        1.000000238418579,
        1.0000001192092896,
        1.000000238418579,
        1.0,
        1.000000238418579,
        1.0000001192092896,
        1.000000238418579,
        1.0,
        1.000000238418579
      ]
    },
    "C_msi_asymmetry": {
      "uniform_low_odi_msi": 0.0,
      "uniform_high_odi_msi": 0.0,
      "skewed_msi": 0.5985179063407594,
      "history_rich_msi": 0.4906299592726617,
      "skewed_detected": true,
      "history_detected": true
    },
    "D_counterfactual_exploration": {
      "low_odi_active": false,
      "mid_odi_active": false,
      "high_odi_active": false,
      "high_odi_branches": 1
    }
  },
  "acceptance": {
    "A: Anticipation confidence increases with ODI (r > 0.3)": true,
    "A: High-ODI confidence > Low-ODI confidence": true,
    "B: Anticipation makes predictions": true,
    "B: Mean cosine similarity > 0": true,
    "C: MSI > 0 with strong asymmetry + high ODI": true,
    "C: MSI higher with rich history": true,
    "D: Counterfactual active at high ODI": false,
    "D: Counterfactual suppressed at low ODI": true
  },
  "all_passed": false
}