{
  "experiment": "exp_112_phase5_a2_csc_coupling_sensitivity",
  "timestamp": "20260602_080510",
  "v": 1,
  "architecture": "CSC+NSE (simplified, no AMC/ILP)",
  "config": {
    "coupling_strengths": [
      0.05,
      0.1,
      0.2,
      0.3,
      0.5,
      0.7,
      0.9
    ],
    "seeds": [
      42,
      142,
      242,
      342
    ],
    "N0": 72,
    "steps": 1600,
    "sample_interval": 10,
    "gbc_soft_nudge": 0.2
  },
  "results": {
    "per_run": [
      {
        "seed": 42,
        "coupling_strength": 0.05,
        "elapsed": 57.45967984199524,
        "n_steps": 240,
        "sealed": false,
        "nsi_max": 0.671,
        "nsi_active_rate": 0.8791666666666667,
        "continuity_mean": 0.7527312500000001,
        "history_depth_mean": 0.18066666666666667,
        "turning_points": 8,
        "civ_count": 5,
        "csci_std": 0.01932684495559221,
        "topdown_max": 0,
        "h1h8": {
          "H1": true,
          "H2": true,
          "H3": true,
          "H4": true,
          "H5": true,
          "H6": true,
          "H7": true,
          "H8": false,
          "n_pass": 7,
          "all_pass": false
        }
      },
      {
        "seed": 142,
        "coupling_strength": 0.05,
        "elapsed": 57.51804494857788,
        "n_steps": 240,
        "sealed": false,
        "nsi_max": 0.6715,
        "nsi_active_rate": 0.9208333333333333,
        "continuity_mean": 0.76238875,
        "history_depth_mean": 0.15399999999999994,
        "turning_points": 8,
        "civ_count": 6,
        "csci_std": 0.018505239118325086,
        "topdown_max": 0,
        "h1h8": {
          "H1": true,
          "H2": true,
          "H3": true,
          "H4": true,
          "H5": true,
          "H6": true,
          "H7": true,
          "H8": false,
          "n_pass": 7,
          "all_pass": false
        }
      },
      {
        "seed": 242,
        "coupling_strength": 0.05,
        "elapsed": 57.216058015823364,
        "n_steps": 240,
        "sealed": false,
        "nsi_max": 0.7173,
        "nsi_active_rate": 0.8791666666666667,
        "continuity_mean": 0.7654929166666666,
        "history_depth_mean": 0.25100000000000006,
        "turning_points": 12,
        "civ_count": 20,
        "csci_std": 0.02676503001625131,
        "topdown_max": 1,
        "h1h8": {
          "H1": true,
          "H2": true,
          "H3": true,
          "H4": true,
          "H5": false,
          "H6": true,
          "H7": true,
          "H8": true,
          "n_pass": 7,
          "all_pass": false
        }
      },
      {
        "seed": 342,
        "coupling_strength": 0.05,
        "elapsed": 56.746498823165894,
        "n_steps": 240,
        "sealed": false,
        "nsi_max": 0.7162,
        "nsi_active_rate": 0.8375,
        "continuity_mean": 0.7520675000000001,
        "history_depth_mean": 0.2576666666666667,
        "turning_points": 12,
        "civ_count": 14,
        "csci_std": 0.021647909312544865,
        "topdown_max": 1,
        "h1h8": {
          "H1": true,
          "H2": true,
          "H3": true,
          "H4": true,
          "H5": true,
          "H6": true,
          "H7": true,
          "H8": true,
          "n_pass": 8,
          "all_pass": true
        }
      },
      {
        "seed": 42,
        "coupling_strength": 0.1,
        "elapsed": 57.229651927948,
        "n_steps": 240,
        "sealed": false,
        "nsi_max": 0.671,
        "nsi_active_rate": 0.8791666666666667,
        "continuity_mean": 0.7527312500000001,
        "history_depth_mean": 0.18066666666666667,
        "turning_points": 8,
        "civ_count": 5,
        "csci_std": 0.01932684495559221,
        "topdown_max": 1,
        "h1h8": {
          "H1": true,
          "H2": true,
          "H3": true,
          "H4": true,
          "H5": true,
          "H6": true,
          "H7": true,
          "H8": true,
          "n_pass": 8,
          "all_pass": true
        }
      },
      {
        "seed": 142,
        "coupling_strength": 0.1,
        "elapsed": 57.64510536193848,
        "n_steps": 240,
        "sealed": false,
        "nsi_max": 0.6715,
        "nsi_active_rate": 0.9208333333333333,
        "continuity_mean": 0.76238875,
        "history_depth_mean": 0.15399999999999994,
        "turning_points": 8,
        "civ_count": 6,
        "csci_std": 0.018505239118325086,
        "topdown_max": 1,
        "h1h8": {
          "H1": true,
          "H2": true,
          "H3": true,
          "H4": true,
          "H5": true,
          "H6": true,
          "H7": true,
          "H8": true,
          "n_pass": 8,
          "all_pass": true
        }
      },
      {
        "seed": 242,
        "coupling_strength": 0.1,
        "elapsed": 57.41128182411194,
        "n_steps": 240,
        "sealed": false,
        "nsi_max": 0.7173,
        "nsi_active_rate": 0.8791666666666667,
        "continuity_mean": 0.7654929166666666,
        "history_depth_mean": 0.25100000000000006,
        "turning_points": 12,
        "civ_count": 20,
        "csci_std": 0.02676503001625131,
        "topdown_max": 2,
        "h1h8": {
          "H1": true,
          "H2": true,
          "H3": true,
          "H4": true,
          "H5": false,
          "H6": true,
          "H7": true,
          "H8": true,
          "n_pass": 7,
          "all_pass": false
        }
      },
      {
        "seed": 342,
        "coupling_strength": 0.1,
        "elapsed": 57.23953557014465,
        "n_steps": 240,
        "sealed": false,
        "nsi_max": 0.7162,
        "nsi_active_rate": 0.8375,
        "continuity_mean": 0.7520675000000001,
        "history_depth_mean": 0.2576666666666667,
        "turning_points": 12,
        "civ_count": 14,
        "csci_std": 0.021647909312544865,
        "topdown_max": 2,
        "h1h8": {
          "H1": true,
          "H2": true,
          "H3": true,
          "H4": true,
          "H5": true,
          "H6": true,
          "H7": true,
          "H8": true,
          "n_pass": 8,
          "all_pass": true
        }
      },
      {
        "seed": 42,
        "coupling_strength": 0.2,
        "elapsed": 56.84893035888672,
        "n_steps": 240,
        "sealed": false,
        "nsi_max": 0.671,
        "nsi_active_rate": 0.8791666666666667,
        "continuity_mean": 0.7527312500000001,
        "history_depth_mean": 0.18066666666666667,
        "turning_points": 8,
        "civ_count": 5,
        "csci_std": 0.01932684495559221,
        "topdown_max": 2,
        "h1h8": {
          "H1": true,
          "H2": true,
          "H3": true,
          "H4": true,
          "H5": true,
          "H6": true,
          "H7": true,
          "H8": true,
          "n_pass": 8,
          "all_pass": true
        }
      },
      {
        "seed": 142,
        "coupling_strength": 0.2,
        "elapsed": 58.202388048172,
        "n_steps": 240,
        "sealed": false,
        "nsi_max": 0.6715,
        "nsi_active_rate": 0.9208333333333333,
        "continuity_mean": 0.76238875,
        "history_depth_mean": 0.15399999999999994,
        "turning_points": 8,
        "civ_count": 6,
        "csci_std": 0.018505239118325086,
        "topdown_max": 2,
        "h1h8": {
          "H1": true,
          "H2": true,
          "H3": true,
          "H4": true,
          "H5": true,
          "H6": true,
          "H7": true,
          "H8": true,
          "n_pass": 8,
          "all_pass": true
        }
      },
      {
        "seed": 242,
        "coupling_strength": 0.2,
        "elapsed": 58.93710780143738,
        "n_steps": 240,
        "sealed": false,
        "nsi_max": 0.7173,
        "nsi_active_rate": 0.8791666666666667,
        "continuity_mean": 0.7654929166666666,
        "history_depth_mean": 0.25100000000000006,
        "turning_points": 12,
        "civ_count": 20,
        "csci_std": 0.02676503001625131,
        "topdown_max": 2,
        "h1h8": {
          "H1": true,
          "H2": true,