{
  "experiment": "exp_101_combined_fix",
  "timestamp": "20260601_212220",
  "config": {
    "N0": 72,
    "steps": 1600,
    "seeds": [
      42,
      142,
      242,
      342,
      442,
      542,
      642,
      742
    ],
    "sample_interval": 10,
    "gbc_soft_nudge": 0.2,
    "csc": "ON (exp_95 config)",
    "gbc": "ON (random direction init)",
    "nse": "ON (threshold=0.02, odi_weight=0.4, msi_weight=0.3, civ_weight=0.0, gbc_weight=0.1)",
    "amc": "ON (adaptive momentum control)",
    "ilp": "ON (institutional layer protection)",
    "civ_rate_limiter_v2": "ON (window=50, max_rate=0.1/step, cooldown=10, min_guarantee=3)",
    "fixes_from_exp_100": [
      "H4: NSE second_deriv_threshold 0.05->0.02",
      "H4: NSE odi_weight 0.3->0.4, msi_weight 0.4->0.3",
      "H6: CIVRateLimiter cooldown 20->10",
      "H6: CIVRateLimiter min_civ_guarantee=3"
    ]
  },
  "per_seed": [
    {
      "seed": 42,
      "elapsed": 56.58282113075256,
      "n_steps": 240,
      "odi_max": 0.7200548155469184,
      "odi_mean": 0.6752123240994252,
      "msi_max": 0.3385296014271773,
      "msi_mean": 0.24893036723062836,
      "six_pass_rate": 0.0,
      "gbc_coherence_mean": 0.5475541666666667,
      "gbc_pass_rate": 0.0,
      "csc_csci_mean": 0.6704583333333332,
      "nse_nsi_max": 0.7145,
      "nse_nsi_mean": 0.5981304166666667,
      "nse_nsi_active_rate": 0.9208333333333333,
      "nse_continuity_mean": 0.7445829166666669,
      "nse_stability_mean": 0.93887125,
      "nse_history_depth_max": 0.08,
      "nse_history_depth_mean": 0.06349999999999999,
      "nse_turning_points_max": 4,
      "nse_turning_points_final": 4,
      "amc_momentum_final": 0.4857,
      "amc_momentum_mean": 0.47213666666666665,
      "amc_mode_final": "fragmentation",
      "amc_entropy_final": 0.927,
      "ilp_floor_final": 20.0,
      "ilp_transition_count": 0,
      "ilp_protection_final": "strong",
      "civ_count": 11,
      "inst_count": 31,
      "mini_count": 198,
      "active_count": 0,
      "civ_limiter_total_seen": 15,
      "civ_limiter_total_downgrades": 14,
      "civ_limiter_downgrade_rate": 0.9333333333333333
    },
    {
      "seed": 142,
      "elapsed": 70.42076468467712,
      "n_steps": 240,
      "odi_max": 0.7039539008309018,
      "odi_mean": 0.6439679750791885,
      "msi_max": 0.30008456228317226,
      "msi_mean": 0.24202353044548505,
      "six_pass_rate": 0.0,
      "gbc_coherence_mean": 0.5346375,
      "gbc_pass_rate": 0.0,
      "csc_csci_mean": 0.6690816666666667,
      "nse_nsi_max": 0.7949,
      "nse_nsi_mean": 0.6376108333333333,
      "nse_nsi_active_rate": 0.8791666666666667,
      "nse_continuity_mean": 0.7656233333333333,
      "nse_stability_mean": 0.9365891666666666,
      "nse_history_depth_max": 0.32,
      "nse_history_depth_mean": 0.17233333333333337,
      "nse_turning_points_max": 16,
      "nse_turning_points_final": 16,
      "amc_momentum_final": 0.4861,
      "amc_momentum_mean": 0.4709716666666666,
      "amc_mode_final": "fragmentation",
      "amc_entropy_final": 0.8899,
      "ilp_floor_final": 20.0,
      "ilp_transition_count": 0,
      "ilp_protection_final": "strong",
      "civ_count": 8,
      "inst_count": 204,
      "mini_count": 28,
      "active_count": 0,
      "civ_limiter_total_seen": 16,
      "civ_limiter_total_downgrades": 15,
      "civ_limiter_downgrade_rate": 0.9375
    },
    {
      "seed": 242,
      "elapsed": 66.58066296577454,
      "n_steps": 240,
      "odi_max": 0.7104846173531315,
      "odi_mean": 0.6414201567531383,
      "msi_max": 0.3144371724641147,
      "msi_mean": 0.24662500898202658,
      "six_pass_rate": 0.0,
      "gbc_coherence_mean": 0.5445708333333333,
      "gbc_pass_rate": 0.0,
      "csc_csci_mean": 0.6692279166666667,
      "nse_nsi_max": 0.7762,
      "nse_nsi_mean": 0.62404875,
      "nse_nsi_active_rate": 0.8375,
      "nse_continuity_mean": 0.7581579166666667,
      "nse_stability_mean": 0.9388362499999999,
      "nse_history_depth_max": 0.28,
      "nse_history_depth_mean": 0.14725000000000005,
      "nse_turning_points_max": 14,
      "nse_turning_points_final": 14,
      "amc_momentum_final": 0.4407,
      "amc_momentum_mean": 0.47077625,
      "amc_mode_final": "fragmentation",
      "amc_entropy_final": 0.8115,
      "ilp_floor_final": 20.0,
      "ilp_transition_count": 0,
      "ilp_protection_final": "strong",
      "civ_count": 6,
      "inst_count": 44,
      "mini_count": 190,
      "active_count": 0,
      "civ_limiter_total_seen": 9,
      "civ_limiter_total_downgrades": 11,
      "civ_limiter_downgrade_rate": 1.2222222222222223
    },
    {
      "seed": 342,
      "elapsed": 68.39410591125488,
      "n_steps": 240,
      "odi_max": 0.7239521166310411,
      "odi_mean": 0.6559189695872473,
      "msi_max": 0.30756795983671487,
      "msi_mean": 0.23910278763083306,
      "six_pass_rate": 0.0,
      "gbc_coherence_mean": 0.5318208333333333,
      "gbc_pass_rate": 0.0,
      "csc_csci_mean": 0.67003125,
      "nse_nsi_max": 0.7527,
      "nse_nsi_mean": 0.6047770833333334,
      "nse_nsi_active_rate": 0.9208333333333333,
      "nse_continuity_mean": 0.7508458333333334,
      "nse_stability_mean": 0.93887125,
      "nse_history_depth_max": 0.2,
      "nse_history_depth_mean": 0.08041666666666666,
      "nse_turning_points_max": 10,
      "nse_turning_points_final": 10,
      "amc_momentum_final": 0.4858,
      "amc_momentum_mean": 0.4747058333333334,
      "amc_mode_final": "fragmentation",
      "amc_entropy_final": 0.9189,
      "ilp_floor_final": 20.0,
      "ilp_transition_count": 0,
      "ilp_protection_final": "strong",
      "civ_count": 12,
      "inst_count": 201,
      "mini_count": 27,
      "active_count": 0,
      "civ_limiter_total_seen": 23,
      "civ_limiter_total_downgrades": 1,
      "civ_limiter_downgrade_rate": 0.043478260869565216
    },
    {
      "seed": 442,
      "elapsed": 73.76732206344604,
      "n_steps": 240,
      "odi_max": 0.706679632882591,
      "odi_mean": 0.6465039963492368,
      "msi_max": 0.30804685034725054,
      "msi_mean": 0.24228529141374577,
      "six_pass_rate": 0.0,
      "gbc_coherence_mean": 0.6228666666666667,
      "gbc_pass_rate": 1.0,
      "csc_csci_mean": 0.6704883333333332,
      "nse_nsi_max": 0.7228,
      "nse_nsi_mean": 0.6021387500000001,
      "nse_nsi_active_rate": 0.9166666666666666,
      "nse_continuity_mean": 0.7741629166666666,
      "nse_stability_mean": 0.9365891666666666,
      "nse_history_depth_max": 0.12,
      "nse_history_depth_mean": 0.041999999999999996,
      "nse_turning_points_max": 6,
      "nse_turning_points_final": 6,
      "amc_momentum_final": 0.4861,
      "amc_momentum_mean": 0.3979487500000001,
      "amc_mode_final": "fragmentation",
      "amc_entropy_final": 0.8919,
      "ilp_floor_final": 20.0,
      "ilp_transition_count": 0,
      "ilp_protection_final": "strong",
      "civ_count": 7,
      "inst_count": 225,
      "mini_count": 8,
      "active_count": 0,
      "civ_limiter_total_seen": 11,
      "civ_limiter_total_downgrades": 7,
      "civ_limiter_downgrade_rate": 0.6363636363636364
    },
    {
      "seed": 542,
      "elapsed": 71.87274193763733,
      "n_steps": 240,
      "odi_max": 0.7093176945483355,
      "odi_mean": 0.645227595470682,
      "msi_max": 0.3310006635071366,
      "msi_mean": 0.2400488377716727,
      "six_pass_rate": 0.0,
      "gbc_coherence_mean": 0.553225,
      "gbc_pass_rate": 1.0,
      "csc_csci_mean": 0.6693654166666667,
      "nse_nsi_max": 0.7799,
      "nse_nsi_mean": 0.62352,
      "nse_nsi_active_rate": 0.7541666666666667,
      "nse_continuity_mean": 0.7566295833333334,
      "nse_stability_mean": 0.9365891666666666,
      "nse_history_depth_max": 0.3,
      "nse_history_depth_mean": 0.1406666666666667,
      "nse_turning_points_max": 15,
      "nse_turning_points_final": 15,
      "amc_momentum_final": 0.4785,
      "amc_momentum_mean": 0.47313666666666665,
      "amc_mode_final": "fragmentation",