{
  "experiment": "exp_99_civ_weight_fix",
  "timestamp": "20260601_191819",
  "config": {
    "N0": 72,
    "steps": 1600,
    "seeds": [
      42,
      142,
      242,
      342,
      442,
      542,
      642,
      742
    ],
    "sample_interval": 10,
    "gbc_soft_nudge": 0.2,
    "csc": "ON (exp_95 config)",
    "gbc": "ON (random direction init)",
    "nse": "ON (multi-signal turning point detection, CIV weight=0.0)",
    "amc": "ON (adaptive momentum control)",
    "ilp": "ON (institutional layer protection)",
    "key_fix": "CIV weight 0.2 -> 0.0 (breaks NSE-CIV feedback loop)"
  },
  "per_seed": [
    {
      "seed": 42,
      "elapsed": 59.68123698234558,
      "n_steps": 240,
      "odi_max": 0.7294704528996295,
      "odi_mean": 0.6617897033859624,
      "msi_max": 0.3113740019580094,
      "msi_mean": 0.24657404925555726,
      "six_pass_rate": 0.0,
      "gbc_coherence_mean": 0.5495125,
      "gbc_pass_rate": 0.0,
      "csc_csci_mean": 0.6708979166666668,
      "nse_nsi_max": 0.6966,
      "nse_nsi_mean": 0.5829458333333333,
      "nse_nsi_active_rate": 0.7958333333333333,
      "nse_continuity_mean": 0.7577958333333332,
      "nse_stability_mean": 0.93887125,
      "nse_history_depth_max": 0.0,
      "nse_history_depth_mean": 0.0,
      "nse_turning_points_max": 0,
      "nse_turning_points_final": 0,
      "amc_momentum_final": 0.4855,
      "amc_momentum_mean": 0.4763104166666667,
      "amc_mode_final": "fragmentation",
      "amc_entropy_final": 0.9545,
      "ilp_floor_final": 20.0,
      "ilp_transition_count": 0,
      "ilp_protection_final": "strong",
      "civ_count": 212,
      "inst_count": 19,
      "mini_count": 9,
      "active_count": 0
    },
    {
      "seed": 142,
      "elapsed": 75.91528248786926,
      "n_steps": 240,
      "odi_max": 0.8186423302228221,
      "odi_mean": 0.6578222568771194,
      "msi_max": 0.3584343646410244,
      "msi_mean": 0.2642056567940499,
      "six_pass_rate": 0.08333333333333333,
      "gbc_coherence_mean": 0.5544083333333334,
      "gbc_pass_rate": 0.0,
      "csc_csci_mean": 0.6670183333333334,
      "nse_nsi_max": 0.7,
      "nse_nsi_mean": 0.5845000000000001,
      "nse_nsi_active_rate": 0.7125,
      "nse_continuity_mean": 0.7689054166666666,
      "nse_stability_mean": 0.9365891666666666,
      "nse_history_depth_max": 0.0,
      "nse_history_depth_mean": 0.0,
      "nse_turning_points_max": 0,
      "nse_turning_points_final": 0,
      "amc_momentum_final": 0.4851,
      "amc_momentum_mean": 0.3956333333333334,
      "amc_mode_final": "fragmentation",
      "amc_entropy_final": 0.9942,
      "ilp_floor_final": 20.0,
      "ilp_transition_count": 0,
      "ilp_protection_final": "strong",
      "civ_count": 9,
      "inst_count": 11,
      "mini_count": 220,
      "active_count": 0
    },
    {
      "seed": 242,
      "elapsed": 68.43494129180908,
      "n_steps": 240,
      "odi_max": 0.7166640910781895,
      "odi_mean": 0.6509486556135874,
      "msi_max": 0.3077839006650725,
      "msi_mean": 0.2520326695638783,
      "six_pass_rate": 0.0,
      "gbc_coherence_mean": 0.55045,
      "gbc_pass_rate": 0.0,
      "csc_csci_mean": 0.6703279166666666,
      "nse_nsi_max": 0.6955,
      "nse_nsi_mean": 0.5822108333333333,
      "nse_nsi_active_rate": 0.8791666666666667,
      "nse_continuity_mean": 0.7558187500000001,
      "nse_stability_mean": 0.93887125,
      "nse_history_depth_max": 0.0,
      "nse_history_depth_mean": 0.0,
      "nse_turning_points_max": 0,
      "nse_turning_points_final": 0,
      "amc_momentum_final": 0.4861,
      "amc_momentum_mean": 0.3985816666666667,
      "amc_mode_final": "fragmentation",
      "amc_entropy_final": 0.8903,
      "ilp_floor_final": 20.0,
      "ilp_transition_count": 0,
      "ilp_protection_final": "strong",
      "civ_count": 21,
      "inst_count": 213,
      "mini_count": 6,
      "active_count": 0
    },
    {
      "seed": 342,
      "elapsed": 69.49936103820801,
      "n_steps": 240,
      "odi_max": 0.7212589504498792,
      "odi_mean": 0.6708248138517124,
      "msi_max": 0.3283991679061783,
      "msi_mean": 0.23502723709352183,
      "six_pass_rate": 0.0,
      "gbc_coherence_mean": 0.5632916666666666,
      "gbc_pass_rate": 0.0,
      "csc_csci_mean": 0.6709295833333333,
      "nse_nsi_max": 0.7,
      "nse_nsi_mean": 0.5897033333333334,
      "nse_nsi_active_rate": 0.9208333333333333,
      "nse_continuity_mean": 0.7717958333333335,
      "nse_stability_mean": 0.9388012499999999,
      "nse_history_depth_max": 0.0,
      "nse_history_depth_mean": 0.0,
      "nse_turning_points_max": 0,
      "nse_turning_points_final": 0,
      "amc_momentum_final": 0.485,
      "amc_momentum_mean": 0.39837125000000007,
      "amc_mode_final": "fragmentation",
      "amc_entropy_final": 0.9954,
      "ilp_floor_final": 20.0,
      "ilp_transition_count": 0,
      "ilp_protection_final": "strong",
      "civ_count": 14,
      "inst_count": 12,
      "mini_count": 214,
      "active_count": 0
    },
    {
      "seed": 442,
      "elapsed": 67.55922555923462,
      "n_steps": 240,
      "odi_max": 0.7263354004631587,
      "odi_mean": 0.6691477707439853,
      "msi_max": 0.31909896084422296,
      "msi_mean": 0.22427946565648635,
      "six_pass_rate": 0.0,
      "gbc_coherence_mean": 0.5684208333333334,
      "gbc_pass_rate": 0.0,
      "csc_csci_mean": 0.6721045833333334,
      "nse_nsi_max": 0.7,
      "nse_nsi_mean": 0.5870991666666666,
      "nse_nsi_active_rate": 0.9208333333333333,
      "nse_continuity_mean": 0.7673458333333334,
      "nse_stability_mean": 0.9365891666666666,
      "nse_history_depth_max": 0.0,
      "nse_history_depth_mean": 0.0,
      "nse_turning_points_max": 0,
      "nse_turning_points_final": 0,
      "amc_momentum_final": 0.485,
      "amc_momentum_mean": 0.3939412500000001,
      "amc_mode_final": "fragmentation",
      "amc_entropy_final": 0.9983,
      "ilp_floor_final": 20.0,
      "ilp_transition_count": 0,
      "ilp_protection_final": "strong",
      "civ_count": 10,
      "inst_count": 221,
      "mini_count": 9,
      "active_count": 0
    },
    {
      "seed": 542,
      "elapsed": 67.95110034942627,
      "n_steps": 240,
      "odi_max": 0.729490851187673,
      "odi_mean": 0.6678497777989619,
      "msi_max": 0.3123611836705411,
      "msi_mean": 0.24212035802879203,
      "six_pass_rate": 0.0,
      "gbc_coherence_mean": 0.5455083333333334,
      "gbc_pass_rate": 0.0,
      "csc_csci_mean": 0.67095125,
      "nse_nsi_max": 0.6989,
      "nse_nsi_mean": 0.5867699999999999,
      "nse_nsi_active_rate": 0.8791666666666667,
      "nse_continuity_mean": 0.7664899999999998,
      "nse_stability_mean": 0.9365891666666666,
      "nse_history_depth_max": 0.0,
      "nse_history_depth_mean": 0.0,
      "nse_turning_points_max": 0,
      "nse_turning_points_final": 0,
      "amc_momentum_final": 0.4852,
      "amc_momentum_mean": 0.4725066666666667,
      "amc_mode_final": "fragmentation",
      "amc_entropy_final": 0.9765,
      "ilp_floor_final": 20.0,
      "ilp_transition_count": 0,
      "ilp_protection_final": "strong",
      "civ_count": 10,
      "inst_count": 15,
      "mini_count": 215,
      "active_count": 0
    },
    {
      "seed": 642,
      "elapsed": 71.52777624130249,
      "n_steps": 240,
      "odi_max": 0.7130395973740306,
      "odi_mean": 0.6494189303414727,
      "msi_max": 0.31999146247553933,
      "msi_mean": 0.25266757189124844,
      "six_pass_rate": 0.0,
      "gbc_coherence_mean": 0.5531166666666667,
      "gbc_pass_rate": 0.0,
      "csc_csci_mean": 0.6705949999999999,
      "nse_nsi_max": 0.6989,
      "nse_nsi_mean": 0.5839304166666666,
      "nse_nsi_active_rate": 0.8375,
      "nse_continuity_mean": 0.7625674999999998,
      "nse_stability_mean": 0.93887125,
      "nse_history_depth_max": 0.0,
      "nse_history_depth_mean": 0.0,
      "nse_turning_points_max": 0,
      "nse_turning_points_final": 0,
      "amc_momentum_final": 0.4854,