{
  "experiment": "exp_98_full_integration",
  "timestamp": "20260601_182511",
  "config": {
    "N0": 72,
    "steps": 1600,
    "seeds": [
      42,
      142,
      242,
      342,
      442,
      542,
      642,
      742
    ],
    "sample_interval": 10,
    "gbc_soft_nudge": 0.2,
    "csc": "ON (exp_95 config)",
    "gbc": "ON (random direction init)",
    "nse": "ON (multi-signal turning point detection)",
    "amc": "ON (adaptive momentum control)",
    "ilp": "ON (institutional layer protection)"
  },
  "per_seed": [
    {
      "seed": 42,
      "elapsed": 68.29912185668945,
      "n_steps": 240,
      "odi_max": 0.8166319504652434,
      "odi_mean": 0.6903668179578654,
      "msi_max": 0.4329308100538055,
      "msi_mean": 0.2751435939709157,
      "six_pass_rate": 0.2916666666666667,
      "gbc_coherence_mean": 0.5161791666666667,
      "gbc_pass_rate": 0.0,
      "csc_csci_mean": 0.6705091666666666,
      "nse_nsi_max": 0.8088,
      "nse_nsi_mean": 0.6356791666666667,
      "nse_nsi_active_rate": 0.9208333333333333,
      "nse_continuity_mean": 0.7546341666666667,
      "nse_stability_mean": 0.93887125,
      "nse_history_depth_max": 0.4,
      "nse_history_depth_mean": 0.17691666666666667,
      "nse_turning_points_max": 20,
      "nse_turning_points_final": 20,
      "amc_momentum_final": 0.4853,
      "amc_momentum_mean": 0.4691670833333332,
      "amc_mode_final": "fragmentation",
      "amc_entropy_final": 0.9714,
      "ilp_floor_final": 20.0,
      "ilp_transition_count": 0,
      "ilp_protection_final": "strong",
      "civ_count": 15,
      "inst_count": 196,
      "mini_count": 29,
      "active_count": 0
    },
    {
      "seed": 142,
      "elapsed": 67.66091895103455,
      "n_steps": 240,
      "odi_max": 0.760924502807992,
      "odi_mean": 0.643308592283946,
      "msi_max": 0.34053669069226067,
      "msi_mean": 0.2384122890333045,
      "six_pass_rate": 0.0,
      "gbc_coherence_mean": 0.5651791666666667,
      "gbc_pass_rate": 1.0,
      "csc_csci_mean": 0.6685566666666667,
      "nse_nsi_max": 0.7458,
      "nse_nsi_mean": 0.6019220833333333,
      "nse_nsi_active_rate": 0.7958333333333333,
      "nse_continuity_mean": 0.7711370833333333,
      "nse_stability_mean": 0.9365891666666666,
      "nse_history_depth_max": 0.16,
      "nse_history_depth_mean": 0.05441666666666666,
      "nse_turning_points_max": 8,
      "nse_turning_points_final": 8,
      "amc_momentum_final": 0.4851,
      "amc_momentum_mean": 0.39206750000000007,
      "amc_mode_final": "fragmentation",
      "amc_entropy_final": 0.9919,
      "ilp_floor_final": 20.0,
      "ilp_transition_count": 0,
      "ilp_protection_final": "strong",
      "civ_count": 9,
      "inst_count": 224,
      "mini_count": 7,
      "active_count": 0
    },
    {
      "seed": 242,
      "elapsed": 46.21670389175415,
      "n_steps": 160,
      "odi_max": 0.8357763912510602,
      "odi_mean": 0.7608180169411716,
      "msi_max": 0.4797322153392721,
      "msi_mean": 0.362393420770521,
      "six_pass_rate": 0.875,
      "gbc_coherence_mean": 0.50521875,
      "gbc_pass_rate": 0.0,
      "csc_csci_mean": 0.6699706249999999,
      "nse_nsi_max": 0.7086,
      "nse_nsi_mean": 0.5372999999999999,
      "nse_nsi_active_rate": 0.94375,
      "nse_continuity_mean": 0.64888125,
      "nse_stability_mean": 0.9083068749999998,
      "nse_history_depth_max": 0.04,
      "nse_history_depth_mean": 0.018625,
      "nse_turning_points_max": 2,
      "nse_turning_points_final": 2,
      "amc_momentum_final": 0.4862,
      "amc_momentum_mean": 0.43546749999999995,
      "amc_mode_final": "fragmentation",
      "amc_entropy_final": 0.878,
      "ilp_floor_final": 20.0,
      "ilp_transition_count": 0,
      "ilp_protection_final": "strong",
      "civ_count": 5,
      "inst_count": 9,
      "mini_count": 146,
      "active_count": 0
    },
    {
      "seed": 342,
      "elapsed": 43.54080128669739,
      "n_steps": 160,
      "odi_max": 0.7920961084748678,
      "odi_mean": 0.723247451428533,
      "msi_max": 0.416867972349355,
      "msi_mean": 0.29283141271205404,
      "six_pass_rate": 0.5625,
      "gbc_coherence_mean": 0.50274375,
      "gbc_pass_rate": 0.0,
      "csc_csci_mean": 0.67088875,
      "nse_nsi_max": 0.7184,
      "nse_nsi_mean": 0.540291875,
      "nse_nsi_active_rate": 0.81875,
      "nse_continuity_mean": 0.65145875,
      "nse_stability_mean": 0.9082018749999999,
      "nse_history_depth_max": 0.08,
      "nse_history_depth_mean": 0.035250000000000004,
      "nse_turning_points_max": 4,
      "nse_turning_points_final": 4,
      "amc_momentum_final": 0.4854,
      "amc_momentum_mean": 0.46185312500000003,
      "amc_mode_final": "fragmentation",
      "amc_entropy_final": 0.956,
      "ilp_floor_final": 20.0,
      "ilp_transition_count": 0,
      "ilp_protection_final": "strong",
      "civ_count": 8,
      "inst_count": 137,
      "mini_count": 15,
      "active_count": 0
    },
    {
      "seed": 442,
      "elapsed": 65.61544036865234,
      "n_steps": 240,
      "odi_max": 0.721130795694117,
      "odi_mean": 0.6601736885916071,
      "msi_max": 0.32204621823878987,
      "msi_mean": 0.21728096560006988,
      "six_pass_rate": 0.0,
      "gbc_coherence_mean": 0.5752458333333332,
      "gbc_pass_rate": 0.0,
      "csc_csci_mean": 0.6716625,
      "nse_nsi_max": 0.7206,
      "nse_nsi_mean": 0.5935462499999999,
      "nse_nsi_active_rate": 0.8791666666666667,
      "nse_continuity_mean": 0.7702300000000001,
      "nse_stability_mean": 0.9365891666666666,
      "nse_history_depth_max": 0.08,
      "nse_history_depth_mean": 0.025083333333333332,
      "nse_turning_points_max": 4,
      "nse_turning_points_final": 4,
      "amc_momentum_final": 0.4855,
      "amc_momentum_mean": 0.39479666666666663,
      "amc_mode_final": "fragmentation",
      "amc_entropy_final": 0.9501,
      "ilp_floor_final": 20.0,
      "ilp_transition_count": 0,
      "ilp_protection_final": "strong",
      "civ_count": 10,
      "inst_count": 14,
      "mini_count": 216,
      "active_count": 0
    },
    {
      "seed": 542,
      "elapsed": 65.12194323539734,
      "n_steps": 240,
      "odi_max": 0.730912417227848,
      "odi_mean": 0.655452545698764,
      "msi_max": 0.31538263190516763,
      "msi_mean": 0.25472987645487055,
      "six_pass_rate": 0.0,
      "gbc_coherence_mean": 0.5353625,
      "gbc_pass_rate": 0.0,
      "csc_csci_mean": 0.6718483333333334,
      "nse_nsi_max": 0.823,
      "nse_nsi_mean": 0.6294229166666666,
      "nse_nsi_active_rate": 0.8791666666666667,
      "nse_continuity_mean": 0.7546245833333334,
      "nse_stability_mean": 0.9365891666666666,
      "nse_history_depth_max": 0.44,
      "nse_history_depth_mean": 0.15883333333333333,
      "nse_turning_points_max": 22,
      "nse_turning_points_final": 22,
      "amc_momentum_final": 0.4852,
      "amc_momentum_mean": 0.4589837499999999,
      "amc_mode_final": "fragmentation",
      "amc_entropy_final": 0.977,
      "ilp_floor_final": 20.0,
      "ilp_transition_count": 0,
      "ilp_protection_final": "strong",
      "civ_count": 184,
      "inst_count": 28,
      "mini_count": 28,
      "active_count": 0
    },
    {
      "seed": 642,
      "elapsed": 63.87959313392639,
      "n_steps": 240,
      "odi_max": 0.7357443259383194,
      "odi_mean": 0.6641661125713247,
      "msi_max": 0.320244272008803,
      "msi_mean": 0.2499715984053202,
      "six_pass_rate": 0.0,
      "gbc_coherence_mean": 0.5370041666666667,
      "gbc_pass_rate": 0.0,
      "csc_csci_mean": 0.6721491666666668,
      "nse_nsi_max": 0.751,
      "nse_nsi_mean": 0.6005120833333333,
      "nse_nsi_active_rate": 0.7958333333333333,
      "nse_continuity_mean": 0.7543454166666667,
      "nse_stability_mean": 0.93873125,
      "nse_history_depth_max": 0.2,
      "nse_history_depth_mean": 0.07441666666666666,
      "nse_turning_points_max": 10,
      "nse_turning_points_final": 10,
      "amc_momentum_final": 0.4858,