{
  "experiment": "exp_110_phase4_p3_long_run_stability",
  "timestamp": "20260602_044948",
  "note": "Phase 4 P3 — Long-run stability test at 3200 steps with CSC+NSE",
  "architecture": "CSC+NSE (AMC and ILP removed — redundant per Track A ablation)",
  "config": {
    "N0": 72,
    "steps": 3200,
    "seeds": [
      42,
      142,
      242
    ],
    "sample_interval": 10,
    "gbc_soft_nudge": 0.2,
    "csc": "ON (P3_CSC_CONFIG)",
    "nse": "ON (history_multi_signal, max_tp=25, odi=0.4, msi=0.3)",
    "amc": "OFF (redundant per Track A)",
    "ilp": "OFF (redundant per Track A)"
  },
  "results": {
    "per_seed": [
      {
        "seed": 42,
        "elapsed": 136.7728409767151,
        "n_steps": 480,
        "sealed": false,
        "fh_nsi_max": 0.748,
        "fh_nsi_mean": 0.5886504166666666,
        "fh_nsi_active_rate": 0.9208333333333333,
        "fh_continuity_mean": 0.7676458333333334,
        "fh_history_depth_mean": 0.30783333333333335,
        "fh_turning_points": 14,
        "fh_csci_std": 0.014972737719815606,
        "fh_topdown_max": 1,
        "fh_civ_count": 7,
        "sh_nsi_max": 0.868,
        "sh_nsi_mean": 0.8140291666666667,
        "sh_nsi_active_rate": 0.9125,
        "sh_continuity_mean": 0.9979174999999998,
        "sh_history_depth_mean": 0.7875000000000001,
        "sh_turning_points": 24,
        "sh_csci_std": 0.022533084795843348,
        "sh_topdown_max": 1,
        "sh_civ_count": 0,
        "full_nsi_max": 0.868,
        "full_nsi_active_rate": 0.9166666666666666,
        "full_continuity_mean": 0.8827816666666666,
        "full_history_depth_mean": 0.5476666666666667,
        "full_turning_points": 38,
        "full_civ_count": 7,
        "full_csci_std": 0.023321432246753857,
        "full_topdown_max": 1
      },
      {
        "seed": 142,
        "elapsed": 108.05527424812317,
        "n_steps": 320,
        "sealed": true,
        "fh_nsi_max": 0.6486,
        "fh_nsi_mean": 0.485135,
        "fh_nsi_active_rate": 0.94375,
        "fh_continuity_mean": 0.6523456249999999,
        "fh_history_depth_mean": 0.10075,
        "fh_turning_points": 6,
        "fh_csci_std": 0.009554729992750984,
        "fh_topdown_max": 1,
        "fh_civ_count": 6,
        "sh_nsi_max": 0.7,
        "sh_nsi_mean": 0.6694275000000001,
        "sh_nsi_active_rate": 1.0,
        "sh_continuity_mean": 0.9982150000000001,
        "sh_history_depth_mean": 0.3005,
        "sh_turning_points": 10,
        "sh_csci_std": 1.1102230246251565e-16,
        "sh_topdown_max": 1,
        "sh_civ_count": 0,
        "full_nsi_max": 0.7,
        "full_nsi_active_rate": 0.971875,
        "full_continuity_mean": 0.8252803125,
        "full_history_depth_mean": 0.200625,
        "full_turning_points": 16,
        "full_civ_count": 6,
        "full_csci_std": 0.006884614690278163,
        "full_topdown_max": 1
      },
      {
        "seed": 242,
        "elapsed": 122.16905188560486,
        "n_steps": 320,
        "sealed": true,
        "fh_nsi_max": 0.6796,
        "fh_nsi_mean": 0.494266875,
        "fh_nsi_active_rate": 0.94375,
        "fh_continuity_mean": 0.656883125,
        "fh_history_depth_mean": 0.12125,
        "fh_turning_points": 9,
        "fh_csci_std": 0.0200707933014617,
        "fh_topdown_max": 1,
        "fh_civ_count": 3,
        "sh_nsi_max": 0.8766,
        "sh_nsi_mean": 0.776106875,
        "sh_nsi_active_rate": 1.0,
        "sh_continuity_mean": 0.9842237500000002,
        "sh_history_depth_mean": 0.6747500000000001,
        "sh_turning_points": 25,
        "sh_csci_std": 0.020376967849756247,
        "sh_topdown_max": 1,
        "sh_civ_count": 0,
        "full_nsi_max": 0.8766,
        "full_nsi_active_rate": 0.971875,
        "full_continuity_mean": 0.8205534375000001,
        "full_history_depth_mean": 0.398,
        "full_turning_points": 34,
        "full_civ_count": 3,
        "full_csci_std": 0.020351454032820352,
        "full_topdown_max": 1
      }
    ],
    "h1h8": {
      "H1_nsi_max": {
        "value": 0.8766,
        "threshold": ">0.1",
        "pass": true
      },
      "H2_nsi_active_rate": {
        "value": 0.9534722222222222,
        "threshold": ">0.3 all",
        "pass": true
      },
      "H3_continuity_mean": {
        "value": 0.8428718055555556,
        "threshold": ">0.1",
        "pass": true
      },
      "H4_combined": {
        "value": "depth=0.3821, tp=29.3",
        "threshold": "depth>0.05 OR tp>0",
        "pass": true
      },
      "H5_civ_mean": {
        "value": 5.333333333333333,
        "threshold": "[3,15]",
        "pass": true
      },
      "H6_civ_min": {
        "value": 3,
        "threshold": ">=2",
        "pass": true
      },
      "H7_csci_std_mean": {
        "value": 0.016852500323284125,
        "threshold": ">0.005",
        "pass": true
      },
      "H8_topdown_active_seeds": {
        "value": 3,
        "threshold": ">=2 seeds",
        "pass": true
      },
      "summary": {
        "all_pass": true,
        "n_pass": 8,
        "failed": []
      }
    },
    "stability_hypotheses": {
      "H16_nsi_stability": {
        "description": "NSI mean in second half >= NSI mean in first half",
        "pass": true,
        "fh_nsi_mean": 0.5226840972222222,
        "sh_nsi_mean": 0.7531878472222222
      },
      "H17_civ_stability": {
        "description": "CIV count in second half >= 50% of first half",
        "pass": false,
        "fh_civ_mean": 5.333333333333333,
        "sh_civ_mean": 0.0,
        "ratio": 0.0
      },
      "H18_csci_stability": {
        "description": "CSCI std does not collapse to 0 in second half",
        "pass": true,
        "fh_csci_std_mean": 0.014866087004676098,
        "sh_csci_std_mean": 0.014303350881866567
      },
      "H19_topdown_persistence": {
        "description": "TopDown activates in both halves",
        "pass": true,
        "fh_topdown_active_seeds": 3,
        "sh_topdown_active_seeds": 3
      },
      "H20_no_collapse": {
        "description": "All H1-H8 pass at step 3200",
        "pass": true,
        "h1h8_result": {
          "all_pass": true,
          "n_pass": 8,
          "failed": []
        }
      }
    }
  }
}