{
  "experiment": "exp_99_civ_weight_fix",
  "timestamp": "20260601_191853",
  "config": {
    "N0": 72,
    "steps": 1600,
    "seeds": [
      42,
      142,
      242,
      342,
      442,
      542,
      642,
      742
    ],
    "sample_interval": 10,
    "gbc_soft_nudge": 0.2,
    "csc": "ON (exp_95 config)",
    "gbc": "ON (random direction init)",
    "nse": "ON (multi-signal turning point detection, CIV weight=0.0)",
    "amc": "ON (adaptive momentum control)",
    "ilp": "ON (institutional layer protection)",
    "key_fix": "CIV weight 0.2 -> 0.0 (breaks NSE-CIV feedback loop)"
  },
  "per_seed": [
    {
      "seed": 42,
      "elapsed": 66.6422278881073,
      "n_steps": 240,
      "odi_max": 0.7193102992185336,
      "odi_mean": 0.6726291940480507,
      "msi_max": 0.3310320584410168,
      "msi_mean": 0.25348916153540246,
      "six_pass_rate": 0.0,
      "gbc_coherence_mean": 0.5444666666666667,
      "gbc_pass_rate": 0.0,
      "csc_csci_mean": 0.6712600000000001,
      "nse_nsi_max": 0.6966,
      "nse_nsi_mean": 0.5842204166666666,
      "nse_nsi_active_rate": 0.9208333333333333,
      "nse_continuity_mean": 0.7590912499999999,
      "nse_stability_mean": 0.93887125,
      "nse_history_depth_max": 0.0,
      "nse_history_depth_mean": 0.0,
      "nse_turning_points_max": 0,
      "nse_turning_points_final": 0,
      "amc_momentum_final": 0.4857,
      "amc_momentum_mean": 0.4768295833333333,
      "amc_mode_final": "fragmentation",
      "amc_entropy_final": 0.9313,
      "ilp_floor_final": 20.0,
      "ilp_transition_count": 0,
      "ilp_protection_final": "strong",
      "civ_count": 189,
      "inst_count": 34,
      "mini_count": 17,
      "active_count": 0
    },
    {
      "seed": 142,
      "elapsed": 67.82488965988159,
      "n_steps": 240,
      "odi_max": 0.7259280965822029,
      "odi_mean": 0.6620486359013472,
      "msi_max": 0.3343975864510285,
      "msi_mean": 0.2535952648544463,
      "six_pass_rate": 0.0,
      "gbc_coherence_mean": 0.5371,
      "gbc_pass_rate": 0.0,
      "csc_csci_mean": 0.6708095833333334,
      "nse_nsi_max": 0.6933,
      "nse_nsi_mean": 0.5800162500000001,
      "nse_nsi_active_rate": 0.8791666666666667,
      "nse_continuity_mean": 0.7509583333333333,
      "nse_stability_mean": 0.9365891666666666,
      "nse_history_depth_max": 0.0,
      "nse_history_depth_mean": 0.0,
      "nse_turning_points_max": 0,
      "nse_turning_points_final": 0,
      "amc_momentum_final": 0.4854,
      "amc_momentum_mean": 0.47057125000000005,
      "amc_mode_final": "fragmentation",
      "amc_entropy_final": 0.9564,
      "ilp_floor_final": 20.0,
      "ilp_transition_count": 0,
      "ilp_protection_final": "strong",
      "civ_count": 178,
      "inst_count": 27,
      "mini_count": 35,
      "active_count": 0
    },
    {
      "seed": 242,
      "elapsed": 75.7221212387085,
      "n_steps": 240,
      "odi_max": 0.8400479545610898,
      "odi_mean": 0.6824271364908364,
      "msi_max": 0.434099348474932,
      "msi_mean": 0.2658543563978267,
      "six_pass_rate": 0.2916666666666667,
      "gbc_coherence_mean": 0.5455916666666667,
      "gbc_pass_rate": 0.0,
      "csc_csci_mean": 0.6678429166666667,
      "nse_nsi_max": 0.7,
      "nse_nsi_mean": 0.5889366666666667,
      "nse_nsi_active_rate": 0.8375,
      "nse_continuity_mean": 0.7721854166666665,
      "nse_stability_mean": 0.9388362499999999,
      "nse_history_depth_max": 0.0,
      "nse_history_depth_mean": 0.0,
      "nse_turning_points_max": 0,
      "nse_turning_points_final": 0,
      "amc_momentum_final": 0.4854,
      "amc_momentum_mean": 0.38371666666666665,
      "amc_mode_final": "fragmentation",
      "amc_entropy_final": 0.9553,
      "ilp_floor_final": 20.0,
      "ilp_transition_count": 0,
      "ilp_protection_final": "strong",
      "civ_count": 6,
      "inst_count": 11,
      "mini_count": 223,
      "active_count": 0
    },
    {
      "seed": 342,
      "elapsed": 73.14843821525574,
      "n_steps": 240,
      "odi_max": 0.8142113275237522,
      "odi_mean": 0.6879261217972962,
      "msi_max": 0.4857281678474879,
      "msi_mean": 0.28329915534579353,
      "six_pass_rate": 0.3333333333333333,
      "gbc_coherence_mean": 0.522175,
      "gbc_pass_rate": 0.0,
      "csc_csci_mean": 0.6689095833333334,
      "nse_nsi_max": 0.6966,
      "nse_nsi_mean": 0.5837266666666666,
      "nse_nsi_active_rate": 0.9208333333333333,
      "nse_continuity_mean": 0.7576983333333334,
      "nse_stability_mean": 0.9388012499999999,
      "nse_history_depth_max": 0.0,
      "nse_history_depth_mean": 0.0,
      "nse_turning_points_max": 0,
      "nse_turning_points_final": 0,
      "amc_momentum_final": 0.4862,
      "amc_momentum_mean": 0.47496125,
      "amc_mode_final": "fragmentation",
      "amc_entropy_final": 0.8767,
      "ilp_floor_final": 20.0,
      "ilp_transition_count": 0,
      "ilp_protection_final": "strong",
      "civ_count": 11,
      "inst_count": 19,
      "mini_count": 210,
      "active_count": 0
    },
    {
      "seed": 442,
      "elapsed": 44.11839699745178,
      "n_steps": 160,
      "odi_max": 0.8106710188513989,
      "odi_mean": 0.7162321641357405,
      "msi_max": 0.41836254138912804,
      "msi_mean": 0.2932324970766269,
      "six_pass_rate": 0.625,
      "gbc_coherence_mean": 0.51413125,
      "gbc_pass_rate": 0.0,
      "csc_csci_mean": 0.669825,
      "nse_nsi_max": 0.7075,
      "nse_nsi_mean": 0.53651375,
      "nse_nsi_active_rate": 0.88125,
      "nse_continuity_mean": 0.650914375,
      "nse_stability_mean": 0.90488375,
      "nse_history_depth_max": 0.04,
      "nse_history_depth_mean": 0.022625,
      "nse_turning_points_max": 2,
      "nse_turning_points_final": 2,
      "amc_momentum_final": 0.4852,
      "amc_momentum_mean": 0.469729375,
      "amc_mode_final": "fragmentation",
      "amc_entropy_final": 0.9787,
      "ilp_floor_final": 20.0,
      "ilp_transition_count": 0,
      "ilp_protection_final": "strong",
      "civ_count": 10,
      "inst_count": 135,
      "mini_count": 15,
      "active_count": 0
    },
    {
      "seed": 542,
      "elapsed": 70.18018317222595,
      "n_steps": 240,
      "odi_max": 0.7172280724671636,
      "odi_mean": 0.6568108894418808,
      "msi_max": 0.3344967384709831,
      "msi_mean": 0.2511355459633902,
      "six_pass_rate": 0.0,
      "gbc_coherence_mean": 0.543825,
      "gbc_pass_rate": 0.0,
      "csc_csci_mean": 0.6704966666666666,
      "nse_nsi_max": 0.6944,
      "nse_nsi_mean": 0.5806775,
      "nse_nsi_active_rate": 0.9208333333333333,
      "nse_continuity_mean": 0.7517083333333334,
      "nse_stability_mean": 0.9365891666666666,
      "nse_history_depth_max": 0.0,
      "nse_history_depth_mean": 0.0,
      "nse_turning_points_max": 0,
      "nse_turning_points_final": 0,
      "amc_momentum_final": 0.4854,
      "amc_momentum_mean": 0.47503000000000006,
      "amc_mode_final": "fragmentation",
      "amc_entropy_final": 0.9129,
      "ilp_floor_final": 20.0,
      "ilp_transition_count": 0,
      "ilp_protection_final": "strong",
      "civ_count": 14,
      "inst_count": 205,
      "mini_count": 21,
      "active_count": 0
    },
    {
      "seed": 642,
      "elapsed": 75.8835608959198,
      "n_steps": 240,
      "odi_max": 0.8255079692651699,
      "odi_mean": 0.6921942236256741,
      "msi_max": 0.3567948118371043,
      "msi_mean": 0.2885106226042228,
      "six_pass_rate": 0.08333333333333333,
      "gbc_coherence_mean": 0.5146583333333333,
      "gbc_pass_rate": 0.0,
      "csc_csci_mean": 0.6707125000000002,
      "nse_nsi_max": 0.6944,
      "nse_nsi_mean": 0.5840687499999999,
      "nse_nsi_active_rate": 0.9208333333333333,
      "nse_continuity_mean": 0.7573475000000002,
      "nse_stability_mean": 0.93887125,
      "nse_history_depth_max": 0.0,
      "nse_history_depth_mean": 0.0,
      "nse_turning_points_max": 0,
      "nse_turning_points_final": 0,
      "amc_momentum_final": 0.4857,