{
  "params": {
    "N": 48,
    "total_steps": 1200,
    "experiment": "exp_168"
  },
  "metrics": [
    {
      "condition_label": "baseline",
      "mode": "none",
      "omega": 0,
      "amplitude": 0,
      "run_id": 0,
      "seed": 27799,
      "sealed": true,
      "n_sealed": 19,
      "sealed_ratio": 0.3958333333333333,
      "is_over_sealed": false,
      "seal_step": 30,
      "n_post_flips": 188,
      "post_flip_rate": 0.1606837606837607,
      "mean_flip_dist_to_sealed": 1.1117021276595744,
      "n_boundary_flips": 188,
      "boundary_flip_ratio": 1.0,
      "dir_balance": 0.16666666666666666,
      "post_hw_var": 0.06079990205905532,
      "elapsed_sec": 55.19
    },
    {
      "condition_label": "sine_om0.01_A0.25",
      "mode": "sine",
      "omega": 0.01,
      "amplitude": 0.25,
      "run_id": 0,
      "seed": 81178,
      "sealed": true,
      "n_sealed": 19,
      "sealed_ratio": 0.3958333333333333,
      "is_over_sealed": false,
      "seal_step": 9,
      "n_post_flips": 214,
      "post_flip_rate": 0.17968094038623006,
      "mean_flip_dist_to_sealed": 1.5186915887850467,
      "n_boundary_flips": 214,
      "boundary_flip_ratio": 1.0,
      "dir_balance": 0.0,
      "post_hw_var": 0.1315511049310622,
      "elapsed_sec": 30.37
    },
    {
      "condition_label": "sine_om0.01_A0.5",
      "mode": "sine",
      "omega": 0.01,
      "amplitude": 0.5,
      "run_id": 0,
      "seed": 45122,
      "sealed": true,
      "n_sealed": 19,
      "sealed_ratio": 0.3958333333333333,
      "is_over_sealed": false,
      "seal_step": 9,
      "n_post_flips": 216,
      "post_flip_rate": 0.181360201511335,
      "mean_flip_dist_to_sealed": 2.1203703703703702,
      "n_boundary_flips": 174,
      "boundary_flip_ratio": 0.8055555555555556,
      "dir_balance": 0.08333333333333333,
      "post_hw_var": 0.20223413867964748,
      "elapsed_sec": 17.77
    },
    {
      "condition_label": "sine_om0.01_A1.0",
      "mode": "sine",
      "omega": 0.01,
      "amplitude": 1.0,
      "run_id": 0,
      "seed": 55973,
      "sealed": true,
      "n_sealed": 19,
      "sealed_ratio": 0.3958333333333333,
      "is_over_sealed": false,
      "seal_step": 7,
      "n_post_flips": 222,
      "post_flip_rate": 0.18608549874266556,
      "mean_flip_dist_to_sealed": 1.5945945945945945,
      "n_boundary_flips": 222,
      "boundary_flip_ratio": 1.0,
      "dir_balance": 0.20833333333333334,
      "post_hw_var": 0.4921421173190614,
      "elapsed_sec": 17.15
    },
    {
      "condition_label": "sine_om0.05_A0.25",
      "mode": "sine",
      "omega": 0.05,
      "amplitude": 0.25,
      "run_id": 0,
      "seed": 72060,
      "sealed": true,
      "n_sealed": 19,
      "sealed_ratio": 0.3958333333333333,
      "is_over_sealed": false,
      "seal_step": 26,
      "n_post_flips": 194,
      "post_flip_rate": 0.16524701873935263,
      "mean_flip_dist_to_sealed": 1.5876288659793814,
      "n_boundary_flips": 194,
      "boundary_flip_ratio": 1.0,
      "dir_balance": 0.08333333333333333,
      "post_hw_var": 0.06079990205905532,
      "elapsed_sec": 16.4
    },
    {
      "condition_label": "sine_om0.05_A0.5",
      "mode": "sine",
      "omega": 0.05,
      "amplitude": 0.5,
      "run_id": 0,
      "seed": 38183,
      "sealed": true,
      "n_sealed": 19,
      "sealed_ratio": 0.3958333333333333,
      "is_over_sealed": false,
      "seal_step": 18,
      "n_post_flips": 186,
      "post_flip_rate": 0.15736040609137056,
      "mean_flip_dist_to_sealed": 1.3279569892473118,
      "n_boundary_flips": 186,
      "boundary_flip_ratio": 1.0,
      "dir_balance": 0.08333333333333333,
      "post_hw_var": 0.030824964645962273,
      "elapsed_sec": 16.0
    },
    {
      "condition_label": "sine_om0.05_A1.0",
      "mode": "sine",
      "omega": 0.05,
      "amplitude": 1.0,
      "run_id": 0,
      "seed": 74293,
      "sealed": true,
      "n_sealed": 19,
      "sealed_ratio": 0.3958333333333333,
      "is_over_sealed": false,
      "seal_step": 51,
      "n_post_flips": 164,
      "post_flip_rate": 0.14273281114012185,
      "mean_flip_dist_to_sealed": 1.274390243902439,
      "n_boundary_flips": 164,
      "boundary_flip_ratio": 1.0,
      "dir_balance": 0.08333333333333333,
      "post_hw_var": 0.0008340277758423194,
      "elapsed_sec": 15.83
    },
    {
      "condition_label": "sine_om0.1_A0.25",
      "mode": "sine",
      "omega": 0.1,
      "amplitude": 0.25,
      "run_id": 0,
      "seed": 55333,
      "sealed": true,
      "n_sealed": 19,
      "sealed_ratio": 0.3958333333333333,
      "is_over_sealed": false,
      "seal_step": 25,
      "n_post_flips": 230,
      "post_flip_rate": 0.19574468085106383,
      "mean_flip_dist_to_sealed": 2.4217391304347826,
      "n_boundary_flips": 166,
      "boundary_flip_ratio": 0.7217391304347827,
      "dir_balance": 0.041666666666666664,
      "post_hw_var": 0.06079990205905532,
      "elapsed_sec": 15.91
    },
    {
      "condition_label": "sine_om0.1_A0.5",
      "mode": "sine",
      "omega": 0.1,
      "amplitude": 0.5,
      "run_id": 0,
      "seed": 70632,
      "sealed": true,
      "n_sealed": 19,
      "sealed_ratio": 0.3958333333333333,
      "is_over_sealed": false,
      "seal_step": 31,
      "n_post_flips": 204,
      "post_flip_rate": 0.174508126603935,
      "mean_flip_dist_to_sealed": 1.4166666666666667,
      "n_boundary_flips": 204,
      "boundary_flip_ratio": 1.0,
      "dir_balance": 0.0,
      "post_hw_var": 0.1639968252665377,
      "elapsed_sec": 17.37
    },
    {
      "condition_label": "sine_om0.1_A1.0",
      "mode": "sine",
      "omega": 0.1,
      "amplitude": 1.0,
      "run_id": 0,
      "seed": 23643,
      "sealed": true,
      "n_sealed": 19,
      "sealed_ratio": 0.3958333333333333,
      "is_over_sealed": false,
      "seal_step": 26,
      "n_post_flips": 172,
      "post_flip_rate": 0.1465076660988075,
      "mean_flip_dist_to_sealed": 1.563953488372093,
      "n_boundary_flips": 163,
      "boundary_flip_ratio": 0.9476744186046512,
      "dir_balance": 0.125,
      "post_hw_var": 0.06079990205905532,
      "elapsed_sec": 18.86
    },
    {
      "condition_label": "sine_om0.5_A0.25",
      "mode": "sine",
      "omega": 0.5,
      "amplitude": 0.25,
      "run_id": 0,
      "seed": 13426,
      "sealed": true,
      "n_sealed": 19,
      "sealed_ratio": 0.3958333333333333,
      "is_over_sealed": false,
      "seal_step": 32,
      "n_post_flips": 184,
      "post_flip_rate": 0.15753424657534246,
      "mean_flip_dist_to_sealed": 1.309782608695652,
      "n_boundary_flips": 184,
      "boundary_flip_ratio": 1.0,
      "dir_balance": 0.041666666666666664,
      "post_hw_var": 0.10409703387796758,
      "elapsed_sec": 20.98
    },
    {
      "condition_label": "sine_om0.5_A0.5",
      "mode": "sine",
      "omega": 0.5,
      "amplitude": 0.5,
      "run_id": 0,
      "seed": 19280,
      "sealed": true,
      "n_sealed": 19,
      "sealed_ratio": 0.3958333333333333,
      "is_over_sealed": false,
      "seal_step": 32,
      "n_post_flips": 212,
      "post_flip_rate": 0.1815068493150685,
      "mean_flip_dist_to_sealed": 1.2452830188679245,
      "n_boundary_flips": 212,
      "boundary_flip_ratio": 1.0,
      "dir_balance": 0.08333333333333333,
      "post_hw_var": 0.06079990205905532,
      "elapsed_sec": 17.14
    },
    {
      "condition_label": "sine_om0.5_A1.0",
      "mode": "sine",
      "omega": 0.5,
      "amplitude": 1.0,
      "run_id": 0,
      "seed": 17813,
      "sealed": true,
      "n_sealed": 19,
      "sealed_ratio": 0.3958333333333333,
      "is_over_sealed": false,
      "seal_step": 22,
      "n_post_flips": 202,
      "post_flip_rate": 0.17147707979626486,
      "mean_flip_dist_to_sealed": 1.2227722772277227,
      "n_boundary_flips": 202,
      "boundary_flip_ratio": 1.0,
      "dir_balance": 0.20833333333333334,
      "post_hw_var": 0.020833318841597902,