{
  "experiment": "exp_67_post_fix_validation",
  "timestamp": "20260528_062506",
  "description": "ODI coupling_density key mismatch bug 修复后全面验证",
  "config": {
    "sample_interval": 5,
    "p1_eval_interval": 1,
    "n_runs": 4,
    "device": "cpu"
  },
  "results": {
    "A_baseline_all_0.30_s200": {
      "config": "A_baseline_all_0.30_s200",
      "coupling_threshold": 0.3,
      "coupling_mode": "all",
      "N0": 48,
      "steps_per_layer": 200,
      "n_runs": 4,
      "n_converged": 4,
      "avg_convergence_rate": 0.7625,
      "avg_six_rate": 0.9312499999999999,
      "avg_coupling_rate": 0.7749999999999999,
      "avg_stability_rate": 0.975,
      "avg_odi_max": 0.8929771101881719,
      "avg_odi_mean": 0.8302420894175925,
      "avg_odi_median": 0.8621902168900704,
      "avg_odi_std": 0.10614564754553489,
      "avg_odi_final": 0.8698440482121715,
      "avg_n_coupled": 13.725,
      "max_n_coupled_best": 15,
      "avg_min_coupling": 0.3909165465643585,
      "avg_elapsed": 1.812683880329132,
      "avg_subindices_mean": {
        "threshold_proximity": 0.9326286168588329,
        "coupling_density": 0.6630431626354955,
        "stability_margin": 0.6827931026462465,
        "firewall_purity": 1.0,
        "temporal_consistency": 0.9458481554341975,
        "cross_mechanism_resonance": 0.8670143576017441
      }
    },
    "B_best_majority_0.15_s200": {
      "config": "B_best_majority_0.15_s200",
      "coupling_threshold": 0.15,
      "coupling_mode": "majority",
      "N0": 48,
      "steps_per_layer": 200,
      "n_runs": 4,
      "n_converged": 2,
      "avg_convergence_rate": 0.21875,
      "avg_six_rate": 0.4625,
      "avg_coupling_rate": 0.54375,
      "avg_stability_rate": 0.975,
      "avg_odi_max": 0.8776701810786633,
      "avg_odi_mean": 0.803435202203558,
      "avg_odi_median": 0.8253453503453019,
      "avg_odi_std": 0.10455963019419753,
      "avg_odi_final": 0.8387569957035846,
      "avg_n_coupled": 12.24375,
      "max_n_coupled_best": 15,
      "avg_min_coupling": 0.31702819116353403,
      "avg_elapsed": 1.866760015487671,
      "avg_subindices_mean": {
        "threshold_proximity": 0.9265217984558826,
        "coupling_density": 0.6211808003354079,
        "stability_margin": 0.6042405998334289,
        "firewall_purity": 1.0,
        "temporal_consistency": 0.9456022157325028,
        "cross_mechanism_resonance": 0.8583416105977559
      }
    },
    "C_deep_majority_0.15_s500": {
      "config": "C_deep_majority_0.15_s500",
      "coupling_threshold": 0.15,
      "coupling_mode": "majority",
      "N0": 48,
      "steps_per_layer": 500,
      "n_runs": 4,
      "n_converged": 2,
      "avg_convergence_rate": 0.23500000000000001,
      "avg_six_rate": 0.485,
      "avg_coupling_rate": 0.3875,
      "avg_stability_rate": 0.99,
      "avg_odi_max": 0.8750058294110161,
      "avg_odi_mean": 0.8052069086546207,
      "avg_odi_median": 0.8138669510021657,
      "avg_odi_std": 0.06930871990986083,
      "avg_odi_final": 0.8302898505402176,
      "avg_n_coupled": 11.1325,
      "max_n_coupled_best": 15,
      "avg_min_coupling": 0.22261436551919125,
      "avg_elapsed": 4.697104215621948,
      "avg_subindices_mean": {
        "threshold_proximity": 0.9705980323096955,
        "coupling_density": 0.5491869623029717,
        "stability_margin": 0.611226457823068,
        "firewall_purity": 1.0,
        "temporal_consistency": 0.9745465206210309,
        "cross_mechanism_resonance": 0.8449016287440122
      }
    },
    "D_highcap_majority_0.15_N72": {
      "config": "D_highcap_majority_0.15_N72",
      "coupling_threshold": 0.15,
      "coupling_mode": "majority",
      "N0": 72,
      "steps_per_layer": 300,
      "n_runs": 4,
      "n_converged": 3,
      "avg_convergence_rate": 0.15,
      "avg_six_rate": 0.25416666666666665,
      "avg_coupling_rate": 0.7958333333333333,
      "avg_stability_rate": 0.9833333333333333,
      "avg_odi_max": 0.8517898672855857,
      "avg_odi_mean": 0.75174267645537,
      "avg_odi_median": 0.7677205923271709,
      "avg_odi_std": 0.07815415391346399,
      "avg_odi_final": 0.7457307648060104,
      "avg_n_coupled": 13.775,
      "max_n_coupled_best": 15,
      "avg_min_coupling": 0.3318969577539856,
      "avg_elapsed": 4.207149803638458,
      "avg_subindices_mean": {
        "threshold_proximity": 0.7580141322075553,
        "coupling_density": 0.6183972005944025,
        "stability_margin": 0.6385070509898165,
        "firewall_purity": 1.0,
        "temporal_consistency": 0.9654672132343234,
        "cross_mechanism_resonance": 0.7641086515282726
      }
    }
  }
}