{
  "experiment": "exp_68_weighted_coupling",
  "timestamp": "20260528_075648",
  "description": "加权耦合模式实验 (P0 from architecture redesign)",
  "config": {
    "sample_interval": 5,
    "p1_eval_interval": 1,
    "n_runs": 4,
    "device": "cpu"
  },
  "results": {
    "A_baseline_all_0.30_N48": {
      "config": "A_baseline_all_0.30_N48",
      "coupling_threshold": 0.3,
      "coupling_mode": "all",
      "N0": 48,
      "steps_per_layer": 200,
      "n_runs": 4,
      "n_converged": 2,
      "avg_convergence_rate": 0.4,
      "avg_six_rate": 0.4625,
      "avg_coupling_rate": 0.475,
      "avg_stability_rate": 0.975,
      "avg_odi_max": 0.8720078032212826,
      "avg_odi_mean": 0.78002334133523,
      "avg_odi_median": 0.8044174184847188,
      "avg_odi_std": 0.10696789547352537,
      "avg_odi_final": 0.7979389772630218,
      "avg_n_coupled": 10.793750000000001,
      "max_n_coupled_best": 15,
      "avg_min_coupling": 0.25017125580382715,
      "avg_elapsed": 1.8086079955101013,
      "avg_subindices_mean": {
        "threshold_proximity": 0.9265274523398279,
        "coupling_density": 0.5249099473957874,
        "stability_margin": 0.5989858568180353,
        "firewall_purity": 1.0,
        "temporal_consistency": 0.9454094867141443,
        "cross_mechanism_resonance": 0.8274499611910276
      }
    },
    "B_majority_0.15_N48": {
      "config": "B_majority_0.15_N48",
      "coupling_threshold": 0.15,
      "coupling_mode": "majority",
      "N0": 48,
      "steps_per_layer": 200,
      "n_runs": 4,
      "n_converged": 3,
      "avg_convergence_rate": 0.25625,
      "avg_six_rate": 0.7,
      "avg_coupling_rate": 0.29375,
      "avg_stability_rate": 0.975,
      "avg_odi_max": 0.8848198460811446,
      "avg_odi_mean": 0.7882700318627155,
      "avg_odi_median": 0.8020538752047631,
      "avg_odi_std": 0.09221839308897303,
      "avg_odi_final": 0.7750063542549768,
      "avg_n_coupled": 10.4125,
      "max_n_coupled_best": 15,
      "avg_min_coupling": 0.17718781110103415,
      "avg_elapsed": 1.8426273465156555,
      "avg_subindices_mean": {
        "threshold_proximity": 0.9326519182308532,
        "coupling_density": 0.5199696834221574,
        "stability_margin": 0.634218080760911,
        "firewall_purity": 1.0,
        "temporal_consistency": 0.9454498594719972,
        "cross_mechanism_resonance": 0.8309191760964618
      }
    },
    "C_weighted_0.30_N48": {
      "config": "C_weighted_0.30_N48",
      "coupling_threshold": 0.3,
      "coupling_mode": "weighted",
      "N0": 48,
      "steps_per_layer": 200,
      "n_runs": 4,
      "n_converged": 3,
      "avg_convergence_rate": 0.675,
      "avg_six_rate": 0.675,
      "avg_coupling_rate": 0.975,
      "avg_stability_rate": 0.975,
      "avg_odi_max": 0.890307370865297,
      "avg_odi_mean": 0.8182141498134091,
      "avg_odi_median": 0.8538521407116675,
      "avg_odi_std": 0.10844106313443477,
      "avg_odi_final": 0.8717898873732519,
      "avg_n_coupled": 13.218749999999998,
      "max_n_coupled_best": 15,
      "avg_min_coupling": 0.3364540243562359,
      "avg_elapsed": 1.8978570103645325,
      "avg_subindices_mean": {
        "threshold_proximity": 0.9265219570287767,
        "coupling_density": 0.6322349471616242,
        "stability_margin": 0.6670774810248986,
        "firewall_purity": 1.0,
        "temporal_consistency": 0.9470484555001526,
        "cross_mechanism_resonance": 0.8569023151745626
      }
    },
    "D_weighted_0.15_N48": {
      "config": "D_weighted_0.15_N48",
      "coupling_threshold": 0.15,
      "coupling_mode": "weighted",
      "N0": 48,
      "steps_per_layer": 200,
      "n_runs": 4,
      "n_converged": 3,
      "avg_convergence_rate": 0.6375,
      "avg_six_rate": 0.69375,
      "avg_coupling_rate": 0.8,
      "avg_stability_rate": 0.975,
      "avg_odi_max": 0.8642322660542309,
      "avg_odi_mean": 0.7732983302368839,
      "avg_odi_median": 0.7936966208078655,
      "avg_odi_std": 0.0919854783554647,
      "avg_odi_final": 0.8050311397806994,
      "avg_n_coupled": 10.91875,
      "max_n_coupled_best": 15,
      "avg_min_coupling": 0.2072433566065104,
      "avg_elapsed": 1.8367629647254944,
      "avg_subindices_mean": {
        "threshold_proximity": 0.8752852041359542,
        "coupling_density": 0.5400416258979496,
        "stability_margin": 0.6369730512145906,
        "firewall_purity": 1.0,
        "temporal_consistency": 0.946772972615461,
        "cross_mechanism_resonance": 0.8063253631204336
      }
    },
    "E_weighted_0.30_N72": {
      "config": "E_weighted_0.30_N72",
      "coupling_threshold": 0.3,
      "coupling_mode": "weighted",
      "N0": 72,
      "steps_per_layer": 300,
      "n_runs": 4,
      "n_converged": 4,
      "avg_convergence_rate": 0.9166666666666666,
      "avg_six_rate": 0.9291666666666667,
      "avg_coupling_rate": 0.9666666666666666,
      "avg_stability_rate": 0.9791666666666666,
      "avg_odi_max": 0.8841309668910907,
      "avg_odi_mean": 0.8123041661951668,
      "avg_odi_median": 0.8362043697990217,
      "avg_odi_std": 0.09691027640969369,
      "avg_odi_final": 0.8399767272731935,
      "avg_n_coupled": 13.3,
      "max_n_coupled_best": 15,
      "avg_min_coupling": 0.3186894053029883,
      "avg_elapsed": 4.351171851158142,
      "avg_subindices_mean": {
        "threshold_proximity": 0.9306045547990696,
        "coupling_density": 0.6136749727721051,
        "stability_margin": 0.6442109522099296,
        "firewall_purity": 1.0,
        "temporal_consistency": 0.9643601678847016,
        "cross_mechanism_resonance": 0.8510959797056881
      }
    }
  }
}