{
  "experiment": "exp_69_dynamic_threshold",
  "timestamp": "20260528_084029",
  "description": "动态耦合阈值实验 (P1 from architecture redesign)",
  "config": {
    "sample_interval": 5,
    "p1_eval_interval": 1,
    "n_runs": 4,
    "device": "cpu"
  },
  "results": {
    "A_baseline_all_0.30_N48": {
      "config": "A_baseline_all_0.30_N48",
      "coupling_threshold": 0.3,
      "coupling_mode": "all",
      "dynamic_threshold": false,
      "N0": 48,
      "steps_per_layer": 200,
      "n_runs": 4,
      "n_converged": 4,
      "avg_convergence_rate": 0.4625,
      "avg_six_rate": 0.925,
      "avg_coupling_rate": 0.49375,
      "avg_stability_rate": 0.975,
      "avg_odi_max": 0.8815242566602044,
      "avg_odi_mean": 0.8003000042227406,
      "avg_odi_median": 0.8191599997324908,
      "avg_odi_std": 0.10107975311650125,
      "avg_odi_final": 0.8345877975056335,
      "avg_n_coupled": 11.556249999999999,
      "max_n_coupled_best": 15,
      "avg_min_coupling": 0.26636639912048776,
      "avg_elapsed": 1.9187925457954407,
      "avg_subindices_mean": {
        "threshold_proximity": 0.9265014572391143,
        "coupling_density": 0.5794231783772122,
        "stability_margin": 0.6357701124623418,
        "firewall_purity": 1.0,
        "temporal_consistency": 0.9470772763906519,
        "cross_mechanism_resonance": 0.8460318124403039
      }
    },
    "B_dynamic_all_0.30_N48": {
      "config": "B_dynamic_all_0.30_N48",
      "coupling_threshold": 0.3,
      "coupling_mode": "all",
      "dynamic_threshold": true,
      "N0": 48,
      "steps_per_layer": 200,
      "n_runs": 4,
      "n_converged": 3,
      "avg_convergence_rate": 0.4125,
      "avg_six_rate": 0.675,
      "avg_coupling_rate": 0.55625,
      "avg_stability_rate": 0.975,
      "avg_odi_max": 0.8846765771572338,
      "avg_odi_mean": 0.7909112965248564,
      "avg_odi_median": 0.8162576695317529,
      "avg_odi_std": 0.11024892480111304,
      "avg_odi_final": 0.8358003123092275,
      "avg_n_coupled": 12.443750000000001,
      "max_n_coupled_best": 15,
      "avg_min_coupling": 0.29660831032399804,
      "avg_elapsed": 1.8934480547904968,
      "avg_subindices_mean": {
        "threshold_proximity": 0.8629267052164321,
        "coupling_density": 0.6258080957035019,
        "stability_margin": 0.6490182342939079,
        "firewall_purity": 1.0,
        "temporal_consistency": 0.942158370045559,
        "cross_mechanism_resonance": 0.8285218195588875
      }
    },
    "C_dynamic_weighted_0.30_N48": {
      "config": "C_dynamic_weighted_0.30_N48",
      "coupling_threshold": 0.3,
      "coupling_mode": "weighted",
      "dynamic_threshold": true,
      "N0": 48,
      "steps_per_layer": 200,
      "n_runs": 4,
      "n_converged": 2,
      "avg_convergence_rate": 0.4,
      "avg_six_rate": 0.46875,
      "avg_coupling_rate": 0.79375,
      "avg_stability_rate": 0.9812500000000001,
      "avg_odi_max": 0.8670421772916557,
      "avg_odi_mean": 0.7826763151412066,
      "avg_odi_median": 0.8068523483685051,
      "avg_odi_std": 0.10105314240870683,
      "avg_odi_final": 0.8070373484633204,
      "avg_n_coupled": 10.99375,
      "max_n_coupled_best": 15,
      "avg_min_coupling": 0.22633017780340997,
      "avg_elapsed": 1.8321231007575989,
      "avg_subindices_mean": {
        "threshold_proximity": 0.9326457264575025,
        "coupling_density": 0.5331539796761429,
        "stability_margin": 0.5944635472726076,
        "firewall_purity": 1.0,
        "temporal_consistency": 0.9434400219090225,
        "cross_mechanism_resonance": 0.8301508962330347
      }
    },
    "D_dynamic_weighted_0.30_N72": {
      "config": "D_dynamic_weighted_0.30_N72",
      "coupling_threshold": 0.3,
      "coupling_mode": "weighted",
      "dynamic_threshold": true,
      "N0": 72,
      "steps_per_layer": 300,
      "n_runs": 4,
      "n_converged": 2,
      "avg_convergence_rate": 0.375,
      "avg_six_rate": 0.4666666666666667,
      "avg_coupling_rate": 0.8791666666666667,
      "avg_stability_rate": 0.9833333333333333,
      "avg_odi_max": 0.8469666118413908,
      "avg_odi_mean": 0.7545057291189418,
      "avg_odi_median": 0.7735866397144808,
      "avg_odi_std": 0.08220014956924376,
      "avg_odi_final": 0.7387865225873436,
      "avg_n_coupled": 11.945833333333333,
      "max_n_coupled_best": 15,
      "avg_min_coupling": 0.2530430029056414,
      "avg_elapsed": 4.252602756023407,
      "avg_subindices_mean": {
        "threshold_proximity": 0.7985102767277759,
        "coupling_density": 0.5564099353273962,
        "stability_margin": 0.6499907826383908,
        "firewall_purity": 1.0,
        "temporal_consistency": 0.9651566491220267,
        "cross_mechanism_resonance": 0.7715683759524891
      }
    }
  }
}